Variable,ClippedPoints,PercentageClipped
Error,5561,4.24837849606943
ErrorRate,1438,1.09857368770866
ControlSignal,8768,6.69839644911648
